objectId,Make,Year,Model,Category
ZRgPP9dBMm,Audi,2020,Q3,SUV
cptB1C1NSL,Chevrolet,2020,Malibu,Sedan
ElhqsRZDnP,Cadillac,2020,Escalade ESV,SUV
LUzyWMYJpW,Chevrolet,2020,Corvette,"Coupe, Convertible"
rDkHakOBKP,Acura,2020,RLX,Sedan
1JARpJ2AUB,Chevrolet,2020,Silverado 2500 HD Crew Cab,Pickup
7G1VT2pSNO,BMW,2020,3 Series,Sedan
4q7L9FAU2S,Chrysler,2020,Pacifica,Van/Minivan
jpOC5zs3jx,Chevrolet,2020,Colorado Crew Cab,Pickup
96llWfTOAe,BMW,2020,X3,SUV
5OEvsF1R9k,Acura,2020,TLX,Sedan
LNq3duGh9z,Chevrolet,2020,Silverado 3500 HD Crew Cab,Pickup
FThs77Cddn,BMW,2020,7 Series,Sedan
t9eGFMIk7E,Ford,2020,Fusion,Sedan
cWQjuYWwc2,Buick,2020,Envision,SUV
2lYY81jKzR,Audi,2020,SQ5,SUV
qGDd5H3yYd,Audi,2020,R8,"Coupe, Convertible"
ALbinxfzM1,Chevrolet,2020,Traverse,SUV
9eRGwnViia,Acura,2020,MDX,SUV
kAgBF7aSaO,INFINITI,2020,QX80,SUV
ygsDiv3hRm,Buick,2020,Encore,SUV
92pfQo6pA4,GMC,2020,Sierra 2500 HD Crew Cab,Pickup
VfXndYon3e,Honda,2020,Insight,Sedan
grl6dVnzM9,Cadillac,2020,XT6,SUV
QrYfmqcnAR,Cadillac,2020,XT5,SUV
hSaQDQkkE0,Cadillac,2020,XT4,SUV
rSQyj88Pwe,Buick,2020,Enclave,SUV
kkcmfophql,Audi,2020,Q5,SUV
V1F5kE5svr,Hyundai,2020,Santa Fe,SUV
bW6jRQ3h2S,Ford,2020,EcoSport,SUV
6YcNNwgY0C,Ford,2020,Escape,SUV
dxs3ayh6Yl,Ford,2020,Mustang,"Coupe, Convertible"
yZUeGC1bOn,Hyundai,2020,Sonata,Sedan
JyMpQJbCvy,Ford,2020,Edge,SUV
VT4rtTsGBj,Chevrolet,2020,Camaro,Convertible
vRQFNeVlsa,Hyundai,2020,Kona Electric,SUV
OHHuEGKsUC,Chevrolet,2020,Equinox,SUV
vu2lCeXKzk,GMC,2020,Sierra 3500 HD Crew Cab,Pickup
rg8LbH5ixZ,Jeep,2020,Gladiator,Pickup
ifEdBTIVDH,BMW,2020,X7,SUV
4J2BvKonKq,Cadillac,2020,CT6-V,Sedan
PlNwrAm6eM,Audi,2020,A7,Sedan
VK6hmDAvqP,Chevrolet,2020,Blazer,SUV
vidGAd8cIJ,Ford,2020,F150 SuperCrew Cab,Pickup
NHWgNGSFB7,Chevrolet,2020,Suburban,SUV
MTvnyKqtYJ,Honda,2020,Civic,"Hatchback, Sedan, Coupe"
wTXL9Ze5eF,Jeep,2020,Compass,SUV
SCG7WEYdG1,Cadillac,2020,Escalade,SUV
cKnegrw5AO,Chrysler,2020,Voyager,Van/Minivan
smKxD5m9KI,Honda,2020,Accord Hybrid,Sedan
ED6o8Zffqs,GMC,2020,Terrain,SUV
2ZCPYTGxDj,Chevrolet,2020,Spark,Hatchback
fZGBnnMx4e,GMC,2020,Sierra 1500 Crew Cab,Pickup
6qsEYBv6eW,Hyundai,2020,NEXO,SUV
4lZKmYPbMk,Hyundai,2020,Veloster,Coupe
9BdK0PtwKc,Chevrolet,2020,Silverado 1500 Crew Cab,Pickup
H1THLG6H1Z,Genesis,2020,G70,Sedan
XtDg7lwyJT,Cadillac,2020,CT5,Sedan
KE29kkqLX6,Honda,2020,Odyssey,Van/Minivan
70EmSYGau7,Hyundai,2020,Elantra GT,Hatchback
YZj6RLht79,Acura,2020,RDX,SUV
3phIrCVLh7,GMC,2020,Yukon XL,SUV
i6jT5ByjBF,Ford,2020,Ranger SuperCab,Pickup
RHD7qDmzgU,Ford,2020,Expedition MAX,SUV
pJCLIx2r8E,Hyundai,2020,Kona,SUV
8kzM0APnBF,INFINITI,2020,QX50,SUV
1AV4avrH6j,Dodge,2020,Durango,SUV
dow9fD3WF6,GMC,2020,Yukon,SUV
adJr9Qr42Q,Hyundai,2020,Palisade,SUV
F7BG83iyWo,Honda,2020,Ridgeline,Pickup
VMpSU5DhdC,Jeep,2020,Cherokee,SUV
UY03j6Fe12,Chevrolet,2020,Bolt EV,Hatchback
7zxuFmGDLY,Ford,2020,Expedition,SUV
pTGFRlqNAZ,Hyundai,2020,Elantra,Sedan
e5835fdPKX,Honda,2020,Passport,SUV
rYV3CVGElN,Dodge,2020,Charger,Sedan
DemETgxfzm,Honda,2020,Accord,Sedan
ZcDno27E49,INFINITI,2020,QX60,SUV
eQ15fbmmpw,Hyundai,2020,Venue,SUV
bAVM6QBgYF,Honda,2020,Pilot,SUV
IeeTDLPJtc,Jeep,2020,Grand Cherokee,SUV
5nK3Kjti74,Chevrolet,2020,Tahoe,SUV
ZnSQK6bmSf,GMC,2020,Acadia,SUV
MGgtV71Gqh,Chevrolet,2020,Impala,Sedan
QHVcYMkgs8,Honda,2020,CR-V,SUV
0qpktkoahP,BMW,2020,X5,SUV
wqjaR037XL,INFINITI,2020,Q60,Coupe
4pZjPmNsj5,Ford,2020,Ranger SuperCrew,Pickup
nAVMCHuWui,Chevrolet,2020,Trax,SUV
nvlklkJGRL,Hyundai,2020,Ioniq Plug-in Hybrid,Hatchback
Ok8T6kagAQ,Jaguar,2020,E-PACE,SUV
2o8HcNPula,Hyundai,2020,Tucson,SUV
IDXLjYyc46,Ford,2020,Explorer,SUV
DMfFQRFW7L,Honda,2020,HR-V,SUV
LQNej2UoF0,Jaguar,2020,I-PACE,SUV
US1p57Oo8w,INFINITI,2020,Q50,Sedan
SQx4TCijoz,Genesis,2020,G80,Sedan
JsaO4qw9cM,Jaguar,2020,F-PACE,SUV
LnUsyZRETe,Jeep,2020,Renegade,SUV
lJtQk4oNv7,Hyundai,2020,Accent,Sedan
xxKBCB6qe4,Jaguar,2020,F-TYPE,Convertible
0yxWejt1Kj,Jeep,2020,Wrangler,SUV
dquJk1A8lm,Kia,2020,Sorento,SUV
kthyzkzwOr,Kia,2020,Rio,"Sedan, Hatchback"
l0ZxQJr6dc,Land Rover,2020,Discovery Sport,SUV
oo53hnp2P1,Kia,2020,Sedona,Van/Minivan
nFb7cI8Sk6,Kia,2020,Optima,Sedan
YzwRfzL0uV,Kia,2020,Sportage,SUV
ZrJEw5FT5Z,Kia,2020,Optima Hybrid,Sedan
jjkQu6OvNz,Kia,2020,Optima Plug-in Hybrid,Sedan
YdnaZQmFIB,Land Rover,2020,Range Rover Evoque,SUV
4WEua9GTCy,Kia,2020,Telluride,SUV
BDXZuTt2Yh,Kia,2020,Forte,Sedan
EJq3Yt9FKG,Jeep,2020,Wrangler Unlimited,SUV
sTp52PebGT,Kia,2020,Soul,Wagon
Xv6yD7wyNA,Land Rover,2020,Range Rover Sport,SUV
HtCInoVvUS,Land Rover,2020,Range Rover,SUV
jDCmqwjhR3,Kia,2020,Stinger,Sedan
EfmLCaRB79,Land Rover,2020,Discovery,SUV
eWF8kdEUAc,Land Rover,2020,Range Rover Velar,SUV
7tsGYqXUUF,Lexus,2020,ES,Sedan
3L39B06Lvk,Lexus,2020,LC,Coupe
BBndyIrB32,Lexus,2020,LX,SUV
Z8cpJng1P5,Lexus,2020,RC,Coupe
VKR5opkrfH,Lexus,2020,GX,SUV
lqFwthLaBG,Lexus,2020,IS,Sedan
OUjPRZrwv4,Lexus,2020,GS,Sedan
ur0DyHrVuX,Lexus,2020,LS,Sedan
Bk6SLEfNLj,Lexus,2020,UX,SUV
qEzHd8PYEr,Mercedes-Benz,2020,GLS,SUV
3vSeFSb1xL,Mercedes-Benz,2020,CLA,Sedan
iP9HxrAHwE,Mitsubishi,2020,Outlander Sport,SUV
8vNEmhRrBc,Lincoln,2020,MKZ,Sedan
pJ8KCIdjvW,Lincoln,2020,Aviator,SUV
KdEmV75BEr,Lexus,2020,NX,SUV
Oo3K9UZH6M,MAZDA,2020,CX-30,SUV
ENLLvc2FMe,Mitsubishi,2020,Eclipse Cross,SUV
K6qv32UGvz,MAZDA,2020,MAZDA3,"Sedan, Hatchback"
CAl0QnYLJ2,Mitsubishi,2020,Mirage G4,Sedan
aHI5mPH8ej,Lincoln,2020,Navigator,SUV
mQZjcV8jrg,Nissan,2020,Armada,SUV
iqt8L2RTH8,MAZDA,2020,CX-5,SUV
kX7uNUav4L,Lincoln,2020,Corsair,SUV
u6CTuVfysm,Lincoln,2020,Navigator L,SUV
fCMzAAEtKV,Mercedes-Benz,2020,G-Class,SUV
ICcRQszKKg,Lincoln,2020,Nautilus,SUV
n7ynnBKxR7,Lexus,2020,RX,SUV
ny7Q06qq0B,Nissan,2020,Kicks,SUV
PgWKyb4ddv,Nissan,2020,Murano,SUV
5pjLCIqjlI,MAZDA,2020,MAZDA6,Sedan
iwvFvdCK8G,Mercedes-Benz,2020,C-Class,"Convertible, Sedan, Coupe"
PI9vHiuNHt,Nissan,2020,NV3500 HD Passenger,Van/Minivan
Ppkgc3RCz0,Mercedes-Benz,2020,GLA,SUV
nOdWfjP8ke,MAZDA,2020,CX-9,SUV
HEEOI4PZxU,Nissan,2020,NV1500 Cargo,Van/Minivan
ITW67EHFIc,Mercedes-Benz,2020,E-Class,"Coupe, Wagon, Sedan, Convertible"
2dt5vjZVTd,MINI,2020,Countryman,SUV
P3mXDWEn4A,Mercedes-Benz,2020,GLE,SUV
kegvzbUeA0,Nissan,2020,Maxima,Sedan
LUDDzahrJp,Nissan,2020,370Z,Coupe
LdTQf3DHoQ,Mercedes-Benz,2020,GLC,SUV
FGVNj41ahi,Mitsubishi,2020,Mirage,Hatchback
HiWA5J4OkQ,Nissan,2020,Altima,Sedan
e1lijtAW99,Nissan,2020,GT-R,Coupe
INHGpFi6VO,Mitsubishi,2020,Outlander,SUV
oNBhBBLs3X,Mitsubishi,2020,Outlander PHEV,SUV
ZK9xucAlXl,Nissan,2020,NV3500 HD Cargo,Van/Minivan
Xhw3FFG8Xg,Porsche,2020,Panamera,Sedan
DG0MniMzpR,Porsche,2020,Taycan,Sedan
1nHsuy9NYl,Nissan,2020,Pathfinder,SUV
JlheVLtpok,Nissan,2020,Rogue,SUV
kGzRBCeu43,Nissan,2020,NV200,Van/Minivan
HPTe5REepK,Porsche,2020,911,Convertible
mDGyeW0kbs,Nissan,2020,Rogue Sport,SUV
29bMYLpQtu,Porsche,2020,Macan,SUV
Iui1nHUG5h,Porsche,2020,Cayenne Coupe,SUV
SIQPSjVVRc,Porsche,2020,Cayenne,SUV
zgmFYlvdHx,Nissan,2020,NV2500 HD Cargo,Van/Minivan
jACG70Auym,Ram,2020,3500 Crew Cab,Pickup
CkFqGiZlW6,Ram,2020,1500 Crew Cab,Pickup
VXKZNum2v4,Subaru,2020,BRZ,Coupe
Z5nXB7i3A7,Nissan,2020,Versa,Sedan
Dm2leqJLBZ,Toyota,2020,Avalon,Sedan
ddiUDdlHma,Subaru,2020,WRX,Sedan
Wa48C9W0U9,Toyota,2020,Camry,Sedan
8nFlIZ8ixN,Subaru,2020,Impreza,"Wagon, Sedan"
TlwQS7c839,Subaru,2020,Ascent,SUV
wlZ7oN49bD,Subaru,2020,Legacy,Sedan
maydRt0Ph8,Toyota,2020,Corolla Hatchback,Hatchback
h6CUCvtOxH,Subaru,2020,Crosstrek,SUV
EBZqOFlbNQ,Toyota,2020,Corolla,Sedan
5S8PN4igRE,Toyota,2020,86,Coupe
U0OkQ1Vufy,Subaru,2020,Forester,SUV
zMTV1K1mJg,Toyota,2020,Avalon Hybrid,Sedan
8g28AwPl9W,Ram,2020,2500 Crew Cab,Pickup
cuwM0UhTxg,Toyota,2020,4Runner,SUV
YL5KuTEDUx,Subaru,2020,Outback,SUV
m5bHpRT9Lo,Toyota,2020,C-HR,SUV
GxpbwmZa5w,Toyota,2020,Camry Hybrid,Sedan
xMFKrqRcF1,Toyota,2020,Corolla Hybrid,Sedan
6Ii0KCFBDn,Toyota,2020,GR Supra,Coupe
48wH6VM1pv,Toyota,2020,Highlander,SUV
3e7zSCgSox,Toyota,2020,Prius,Hatchback
5i45FzPw3t,Toyota,2020,Prius Prime,Hatchback
AQVtIaqSAj,Toyota,2020,RAV4,SUV
ZPmI3oTIhJ,Toyota,2020,Tacoma Access Cab,Pickup
rEvPcEv5Fi,Toyota,2020,Sienna,Van/Minivan
bjZktMbMDL,Toyota,2020,Land Cruiser,SUV
2cSRz38TY9,Toyota,2020,Yaris,Sedan
gpN18fODQL,Toyota,2020,RAV4 Hybrid,SUV
FhgtmBwp8E,Toyota,2020,Highlander Hybrid,SUV
5sWLRFwzht,Toyota,2020,Sequoia,SUV
mG9sBB2BuA,Toyota,2020,Tundra Double Cab,Pickup
Al36zxCYXq,Toyota,2020,Tacoma Double Cab,Pickup
D3Lno4qQPy,Toyota,2020,Tundra CrewMax,Pickup
djm2SnTflV,Volkswagen,2020,Passat,Sedan
4beWimqyBE,Toyota,2020,Yaris Hatchback,Hatchback
k4x1WAXEZ9,Acura,2019,MDX Sport Hybrid,SUV
xiuaACVHIm,Acura,2019,RLX Sport Hybrid,Sedan
hRySxJexbG,Audi,2019,A6,Sedan
3V6UiNPcsa,Volvo,2020,XC40,SUV
ZIUyePmTUL,Audi,2019,Q5,SUV
IQ4VfhGUnv,Audi,2019,A4,Sedan
LAsic8cF0o,Audi,2019,Q7,SUV
qLWZQZpHWY,Audi,2019,Q8,SUV
KegjzAaXJ2,Audi,2019,RS 5,"Sedan, Coupe"
uqBo3T1sHU,Acura,2019,MDX,SUV
HcLCgxYpnA,Acura,2019,NSX,Coupe
s8PL6aoYRy,Audi,2019,A7,Sedan
BsrsAho8K3,Alfa Romeo,2019,4C Spider,Convertible
Pj3LtYhfOx,Volvo,2020,XC60,SUV
bOlyekNqwt,Acura,2019,RDX,SUV
RMG3R3vsCw,Volkswagen,2020,Tiguan,SUV
PGFBTmE2L6,Volvo,2020,XC90,SUV1992
qaKbuo5AT9,Audi,2019,A8,Sedan
Tkm6RAiXMk,BMW,2019,4 Series,"Convertible, Sedan, Coupe"
r9nUwoh749,Acura,2019,TLX,Sedan
mTQ0bSYkrY,Acura,2019,ILX,Sedan
IM66EEMjxe,BMW,2019,2 Series,"Coupe, Convertible"
sLLtnh5CNL,Audi,2019,A3,"Convertible, Sedan"
HrfJ77bDEq,Audi,2019,S5,"Sedan, Coupe, Convertible"
hxBd1z7ewE,Audi,2019,A4 allroad,Wagon
WHqkPTraez,Audi,2019,e-tron,SUV
66pQq50mso,Volkswagen,2020,Jetta,Sedan
GoIb4TNqDz,Audi,2019,Q3,SUV
FBvxwCM8vu,Audi,2019,RS 3,Sedan
kgUoGEiena,Alfa Romeo,2019,Stelvio,SUV
aycZC5J2yw,Alfa Romeo,2019,Giulia,Sedan
juIznkRAZE,Audi,2019,A5,"Coupe, Sedan, Convertible"
Ob5YiBNNIn,Acura,2019,RLX,Sedan
8ZTMjzHn9X,Audi,2019,S3,Sedan
pe7eJ4gnen,Audi,2019,S4,Sedan
ATAeU1NdOi,BMW,2019,3 Series,"Sedan, Wagon"
orUpo0E0vC,Audi,2019,SQ5,SUV
KhES0MZcmQ,BMW,2019,5 Series,Sedan
cR3800xX9I,BMW,2019,M5,Sedan
vAAn0VApSF,BMW,2019,i8,"Convertible, Coupe"
E5Nznq1T2p,BMW,2019,8 Series,"Coupe, Convertible"
aKCqI0lYGI,BMW,2019,M6,Coupe
VIhUyOqv71,BMW,2019,i3,Hatchback
XBrBhQmegp,BMW,2019,7 Series,Sedan
jaHnDRVmdp,BMW,2019,X3,SUV
tHGwhMRQQb,BMW,2019,6 Series,Sedan
iFCVGMra0O,BMW,2019,M4,"Coupe, Convertible"
UrwYndiCmO,Audi,2019,TT,Coupe
hPNqqtDTH1,Cadillac,2019,Escalade,SUV
jPUGrODd0n,Buick,2019,Regal Sportback,Sedan
b1gzw7oX90,BMW,2019,X6 M,SUV
rJUe9JJjYP,BMW,2019,X2,SUV
8BoPqgaMmq,Cadillac,2019,CTS-V,Sedan
Z3DPbJhczG,BMW,2019,X1,SUV
VMdmpIMkre,BMW,2019,X6,SUV
5SQO904EKs,BMW,2019,X4,SUV
ydHCEwuOSK,Chevrolet,2019,Camaro,"Coupe, Convertible"
bdW1WipxOD,Cadillac,2019,Escalade ESV,SUV
7rEqkISfEg,Chevrolet,2019,Blazer,SUV
bUID4Xe3GM,Cadillac,2019,CT6,Sedan
OvJ1MbKJ7E,BMW,2019,X5,SUV
TBvFCspGgt,Buick,2019,Regal TourX,Wagon
8o6fButQzD,Chevrolet,2019,Colorado Crew Cab,Pickup
iL7xFdHl3K,Chevrolet,2019,Bolt EV,Hatchback
BmG5IqBkAo,Cadillac,2019,CT6-V,Sedan
KRZ7KM1gCr,BMW,2019,M2,Coupe
DnI5QxWFIA,BMW,2019,X7,SUV
DBxB7Fmlrj,Buick,2019,Envision,SUV
NCa9BCUXGA,Buick,2019,Cascada,Convertible
HgIDfTJIxQ,Cadillac,2019,XT5,SUV
gA8GmQ6bsz,Cadillac,2019,XT4,SUV
7aW91qXGjR,Buick,2019,Encore,SUV
EKjjWdBykw,Buick,2019,Enclave,SUV
VjLnWMAK4l,Cadillac,2019,CTS,Sedan
kVDbBVlC7w,Chevrolet,2019,Cruze,"Sedan, Hatchback"
awEF9ZwubP,Chevrolet,2019,Equinox,SUV
k5iF1PYOaL,Chevrolet,2019,Corvette,"Coupe, Convertible"
red9UTu8fA,BMW,2019,Z4,Convertible
YoSf7DjkX5,Cadillac,2019,XTS,Sedan
XzU7AIvyeG,Buick,2019,LaCrosse,Sedan
OMSftwK8IO,Cadillac,2019,ATS-V,Coupe
tQjEc8cJ8B,Cadillac,2019,ATS,Coupe
YP2Mf2anan,Chevrolet,2019,Express 2500 Cargo,Van/Minivan
e4S9bbVWIp,Chevrolet,2019,Colorado Extended Cab,Pickup
AEpMzZOnKV,Chevrolet,2019,Express 2500 Passenger,Van/Minivan
s7oSo0M9y7,Chevrolet,2019,Express 3500 Passenger,Van/Minivan
atFHXEgXYw,Chevrolet,2019,Impala,Sedan
OxT9QW16ZW,Chevrolet,2019,Silverado 2500 HD Crew Cab,Pickup
iObFnlwCdJ,Chevrolet,2019,Malibu,Sedan
KLXRvqnAIf,Chevrolet,2019,Silverado 2500 HD Double Cab,Pickup
kmfBx990rf,Chevrolet,2019,Silverado 1500 Regular Cab,Pickup
GiRoJanAFO,Chevrolet,2019,Express 3500 Cargo,Van/Minivan
R6FTcHj2kE,Chevrolet,2019,Silverado 1500 LD Double Cab,Pickup
ncQWDq66xy,Chevrolet,2019,Silverado 2500 HD Regular Cab,Pickup
f2t9apHuKN,Chevrolet,2019,Silverado 1500 Crew Cab,Pickup
3efpWhWzug,Chevrolet,2019,Silverado 1500 Double Cab,Pickup
YxUnFkrUcr,Chevrolet,2019,Sonic,"Sedan, Hatchback"
GunE0Ahhyd,Chevrolet,2019,Spark,Hatchback
mWCJ5zoFbj,Chevrolet,2019,Silverado 3500 HD Crew Cab,Pickup
VkNqMZTN5f,Chrysler,2019,Pacifica Hybrid,Van/Minivan
feB5OmNc4A,Dodge,2019,Durango,SUV
A1d1zXcY5n,Dodge,2019,Charger,Sedan
u7Evv1bet4,Chevrolet,2019,Suburban,SUV
YeYZ8uM1Z7,Chevrolet,2019,Trax,SUV
uaZ6ZXzGRp,Dodge,2019,Challenger,Coupe
czvEZAD0ob,Chevrolet,2019,Tahoe,SUV
RTczc52mmH,Ford,2019,EcoSport,SUV
BRoyACZLHD,FIAT,2019,500L,Hatchback
ZlhJO6awDf,Chevrolet,2019,Volt,Sedan
CLFodpBcPh,Chrysler,2019,Pacifica,Van/Minivan
ECvyRquINn,FIAT,2019,500e,Hatchback
jqaCwZrPPH,FIAT,2019,500,Hatchback
FuchiGoVMM,Dodge,2019,Journey,SUV
7LxHDNE7TT,Ford,2019,F150 Super Cab,Pickup
kN367T77Kw,Chevrolet,2019,Suburban 3500HD,SUV
zEgDI23VXc,Dodge,2019,Grand Caravan Passenger,Van/Minivan
Rmquglmw9J,Chrysler,2019,300,Sedan
MIZyNzuPSk,FIAT,2019,500c,Convertible
aKNpq4aizW,Ford,2019,Expedition MAX,SUV
BBIZrM3Eql,Ford,2019,Edge,SUV
Z0rOkKwjuf,Chevrolet,2019,Traverse,SUV
uExfuPZbEN,Ford,2019,Escape,SUV
FLOSDjLAvP,FIAT,2019,500 Abarth,Hatchback
F7vtqOBHMW,Ford,2019,Expedition,SUV
LlVSThmAXq,FIAT,2019,124 Spider,Convertible
4JU3SOnt71,Ford,2019,F150 SuperCrew Cab,Pickup
ZILY8006BY,Ford,2019,F250 Super Duty Regular Cab,Pickup
uPir5syPGG,FIAT,2019,500X,SUV
MRVh65geUW,FIAT,2019,500c Abarth,Convertible
wxsW6AqN7R,Ford,2019,Explorer,SUV
FuJqB31eBE,Ford,2019,F150 Regular Cab,Pickup
EEflW65kE1,Ford,2019,F450 Super Duty Crew Cab,Pickup
rtzXgeNgOS,Ford,2019,F350 Super Duty Crew Cab,Pickup
XrFDkOJeoH,Ford,2019,Fiesta,"Hatchback, Sedan"
DedImXkFPS,Ford,2019,F250 Super Duty Crew Cab,Pickup
r50LNSyvil,Ford,2019,Ranger SuperCab,Pickup
72Vrlo4wxf,Ford,2019,F350 Super Duty Super Cab,Pickup
dhwD1JA7nj,Ford,2019,Flex,SUV
UzPiXYyxvI,Ford,2019,Fusion,Sedan
GqWMI6elLq,Ford,2019,Transit 150 Van,Van/Minivan
yEGFPezu4E,GMC,2019,Canyon Crew Cab,Pickup
7jnMVzWPVr,Genesis,2019,G90,Sedan
6CEQlGRy7q,Ford,2019,Fusion Energi,Sedan
5O2BjXUI4Y,Ford,2019,Transit Connect Cargo,Van/Minivan
SlPnx4lV12,Ford,2019,Transit 150 Wagon,Van/Minivan
97YAn0zfaS,Ford,2019,Transit 350 Van,Van/Minivan
20SjN3YmG5,Ford,2019,Ranger SuperCrew,Pickup
UqBxivRhCm,Ford,2019,Mustang,"Coupe, Convertible"
d7lsStSuAu,Ford,2019,F250 Super Duty Super Cab,Pickup
Gei8TWj7Ji,GMC,2019,Sierra 1500 Double Cab,Pickup
24C2C2SFEg,Ford,2019,Transit 250 Van,Van/Minivan
8jCgRj2Cuz,Ford,2019,Transit 350 Wagon,Van/Minivan
w9dn8DsUs5,Ford,2019,Transit Connect Passenger,Van/Minivan
CYIgiVYHb7,Freightliner,2019,Sprinter 2500 Cargo,Van/Minivan
71EJBjSZAV,Ford,2019,Taurus,Sedan
AaB3GxYSgC,GMC,2019,Sierra 1500 Crew Cab,Pickup
PWHGnLlB27,GMC,2019,Sierra 1500 Limited Double Cab,Pickup
O0c2vF3OlU,GMC,2019,Yukon XL,SUV
kxePKV1pBj,Honda,2019,CR-V,SUV
jSmoxFud4I,Genesis,2019,G80,Sedan
Oqvw99xVpG,GMC,2019,Acadia,SUV
8ijNrwNuGE,Honda,2019,Clarity Electric,Sedan
r3EtSXsfPL,GMC,2019,Sierra 2500 HD Double Cab,Pickup
Gm1BUf0ikY,GMC,2019,Sierra 2500 HD Regular Cab,Pickup
UMlkJd94c6,Genesis,2019,G70,Sedan
HXrBCmU7k2,GMC,2019,Sierra 3500 HD Crew Cab,Pickup
wyhZDsmeYR,GMC,2019,Canyon Extended Cab,Pickup
irnTVMgsfQ,GMC,2019,Sierra 1500 Regular Cab,Pickup
gXq8CE8WC8,Honda,2019,Civic Type R,Hatchback
apIbmoEhA7,GMC,2019,Yukon,SUV
Pk5IoxYEBr,GMC,2019,Terrain,SUV
5CMNXF7Yfw,Honda,2019,Civic,"Coupe, Sedan, Hatchback"
qtD75k4YA1,GMC,2019,Sierra 2500 HD Crew Cab,Pickup
9q6NXEUMLr,Honda,2019,Accord,Sedan
A6Qu6b9jaT,Honda,2019,Accord Hybrid,Sedan
8WLgIWHP09,Honda,2019,Clarity Fuel Cell,Sedan
eVsRYAmaEE,Honda,2019,HR-V,SUV
dFq9wWoItu,Honda,2019,Clarity Plug-in Hybrid,Sedan
lHP9pIS0GR,Honda,2019,Insight,Sedan
vVoTgU2GnN,Honda,2019,Passport,SUV
786nNx9d2X,Honda,2019,Ridgeline,Pickup
2jMo41ZuhS,Honda,2019,Pilot,SUV
p8qFjChvDd,Honda,2019,Fit,Hatchback
Ck5FaknPC0,Honda,2019,Odyssey,Van/Minivan
21JJCm089n,Hyundai,2019,Accent,Sedan
sPcSYnNKs7,Hyundai,2019,Ioniq Electric,Hatchback
BMLC9Sfw9h,Hyundai,2019,Sonata Hybrid,Sedan
7tZV6s6BHW,Hyundai,2019,Elantra,Sedan
9njEujFOH3,Hyundai,2019,Ioniq Plug-in Hybrid,Hatchback
pZRGx80XsH,INFINITI,2019,Q60,Coupe
HAtex6Wnlk,Hyundai,2019,Sonata,Sedan
pyzq4Ow5oc,Hyundai,2019,NEXO,SUV
ZTGbJhNsmT,Hyundai,2019,Kona,SUV
VgbjMqpcq3,Hyundai,2019,Kona Electric,SUV
TLG3bbPmMk,Hyundai,2019,Elantra GT,Hatchback
u7QlOpoQIq,INFINITI,2019,Q50,Sedan
n3MHo6M2Ea,Hyundai,2019,Ioniq Hybrid,Hatchback
GDtqfkSqHR,Hyundai,2019,Sonata Plug-in Hybrid,Sedan
KAaaEFtOwB,Hyundai,2019,Santa Fe,SUV
PO26cSuSah,INFINITI,2019,Q70,Sedan
Iqv7uSdwOL,INFINITI,2019,QX60,SUV
Kr4yITGtnH,Hyundai,2019,Veloster,Coupe
4PLzuSUnPl,INFINITI,2019,QX80,SUV
9N0VC2V8Lq,INFINITI,2019,QX50,SUV
3PQXYsurwW,Hyundai,2019,Tucson,SUV
RefcbmSGZD,Jaguar,2019,I-PACE,SUV
vYON8XL1vO,INFINITI,2019,QX30,SUV
MaigFrvPgw,Jaguar,2019,XE,Sedan
vauIYHcE2o,Kia,2019,Sedona,Van/Minivan
BlvHJw67FE,Kia,2019,Niro,Wagon
9aFNeT0JiE,Jaguar,2019,E-PACE,SUV
l8AObm8Y51,Jeep,2019,Compass,SUV
jRvW1t50cE,Jeep,2019,Grand Cherokee,SUV
1eU9qsZDZx,Jeep,2019,Renegade,SUV
1YsH0weH9q,Jaguar,2019,F-PACE,SUV
Hk2YzPrLyZ,Jeep,2019,Cherokee,SUV
3P6keannNx,Jaguar,2019,XF,"Wagon, Sedan"
Aik5uY0Sap,Jaguar,2019,F-TYPE,"Coupe, Convertible"
trFKSjakVG,Jaguar,2019,XJ,Sedan
uASC2CeiNI,Kia,2019,Forte,Sedan
7K7yn7aF0H,Jeep,2019,Wrangler Unlimited,SUV
jAs90mkJSf,Jeep,2019,Wrangler,SUV
v7TVyFWiGK,Kia,2019,Niro Plug-in Hybrid,Wagon
MIZt9mhy3U,Kia,2019,Optima Hybrid,Sedan
Eq25qAUGlu,Kia,2019,Cadenza,Sedan
S8f6DVRFHG,Kia,2019,K900,Sedan
5CexhulSo5,Kia,2019,Niro EV,Wagon
eDVTKyAIoA,Kia,2019,Optima,Sedan
yaLmQgS8nf,Kia,2019,Optima Plug-in Hybrid,Sedan
T7NBCpDh4t,Kia,2019,Stinger,Sedan
DnjCmgXrJ8,Kia,2019,Rio,"Sedan, Hatchback"
k0CJEoTN8j,Land Rover,2019,Discovery,SUV
6gxV3o00Di,Kia,2019,Sorento,SUV
NgQmrdud6E,Kia,2019,Sportage,SUV
2dpysvLQk2,Land Rover,2019,Range Rover Sport,SUV
TnJ3Xuyxki,Lexus,2019,GX,SUV
Myub4qLsK0,Kia,2019,Soul,Wagon
2x4ip0yYyB,Lexus,2019,GS,Sedan
2hWQn2ipRD,Land Rover,2019,Range Rover Velar,SUV
wrHJRBtayL,Land Rover,2019,Range Rover Evoque,SUV
jW5w33TXoR,Lexus,2019,LC,Coupe
FMtppd4huW,Kia,2019,Soul EV,Wagon
iyy1mCT0X7,Lexus,2019,NX,SUV
tXwippFez7,Lexus,2019,RC,Coupe
igUY33tAFm,Lexus,2019,IS,Sedan
SkFH6pGWD4,Lexus,2019,ES,Sedan
Pvw3Ln9OPY,Land Rover,2019,Discovery Sport,SUV
fSOkVAdVqN,Land Rover,2019,Range Rover,SUV
2WvbfpAXK0,Lincoln,2019,MKZ,Sedan
FMCCyUTicL,Maserati,2019,Levante,SUV
xGmyZ55Pat,MAZDA,2019,MX-5 Miata RF,Convertible
gavE1OWty5,Lexus,2019,LX,SUV
D09ERSBFwZ,MAZDA,2019,CX-9,SUV
rluUQnPq8D,MAZDA,2019,MX-5 Miata,Convertible
AaSuZ5Gw4N,MAZDA,2019,CX-5,SUV
IUa9RKfPbE,Lexus,2019,UX,SUV
1yOXTImolU,Mercedes-Benz,2019,CLA,Sedan
AAcjf3pwAe,Lincoln,2019,Continental,Sedan
xpHhaAu2RU,Lincoln,2019,MKT,SUV
YgxhrAvMGv,Lincoln,2019,Navigator L,SUV
8pUioUFUmA,Lincoln,2019,Nautilus,SUV
9f3xDusU2a,Mercedes-Benz,2019,GLC,SUV
rHJHBHY5JV,Lexus,2019,RX,SUV
4YF3ffOn1E,MAZDA,2019,CX-3,SUV
5YxNDT54kG,Lincoln,2019,MKC,SUV
sjFmMhtHne,Mercedes-Benz,2019,A-Class,Sedan
iilXFrGUKs,MAZDA,2019,MAZDA6,Sedan
L3UUjBoD6C,MAZDA,2019,MAZDA3,"Sedan, Hatchback"
3ZU4b7Aoqj,Mercedes-Benz,2019,C-Class,"Convertible, Sedan, Coupe"
PX60Trl3YG,Lexus,2019,LS,Sedan
IdkeSusVpn,Maserati,2019,Ghibli,Sedan
eWJOe8z7sY,Mercedes-Benz,2019,Mercedes-AMG C-Class,"Sedan, Convertible, Coupe"
bKsh9qdpB7,Mercedes-Benz,2019,GLS,SUV
GGTn4FFGyC,Mercedes-Benz,2019,G-Class,SUV
0JAntNRxL1,Lincoln,2019,Navigator,SUV
m4XvTm2oBL,Mercedes-Benz,2019,GLA,SUV
Rshg1baXqJ,Mercedes-Benz,2019,E-Class,"Coupe, Sedan, Wagon, Convertible"
2ZHDQAYQdi,Mercedes-Benz,2019,CLS,Sedan
FUDdfcEzKV,Mercedes-Benz,2019,Mercedes-AMG CLA,Sedan
CHI8VGWfsD,Mercedes-Benz,2019,GLC Coupe,SUV
rdVV9ZLVAN,Mercedes-Benz,2019,Mercedes-AMG CLS,Sedan
AkWg4UMAi8,Hyundai,2019,Santa Fe XL,SUV
BCuEOw3Ena,Mercedes-Benz,2019,GLE,SUV
4QggYHUIyn,Mercedes-Benz,2019,Mercedes-AMG E-Class,"Coupe, Convertible, Sedan, Wagon"
9D4m3OYEUX,Mercedes-Benz,2019,Mercedes-AMG GLE,SUV
F0DhODCM7e,Mercedes-Benz,2019,Mercedes-AMG G-Class,SUV
XhQUUcbvQU,Mercedes-Benz,2019,Mercedes-AMG GLA,SUV
kvC18WGUse,Mercedes-Benz,2019,Mercedes-AMG S-Class,"Sedan, Coupe, Convertible"
P3G4igD2ZY,Mercedes-Benz,2019,SL,Convertible
p1dozBG19L,Mercedes-Benz,2019,Mercedes-AMG GT,"Coupe, Sedan, Convertible"
UEIeDeIQPT,Mitsubishi,2019,Mirage G4,Sedan
iXFjpcpeaE,Mercedes-Benz,2019,Metris Passenger,Van/Minivan
TVEeAZYP5Y,Mercedes-Benz,2019,Mercedes-AMG GLE Coupe,SUV
D7fGCgE4nI,Mercedes-Benz,2019,Mercedes-Maybach S-Class,Sedan
2Ey8fOzE1m,Mitsubishi,2019,Outlander PHEV,SUV
pd9ucOltfT,Mercedes-Benz,2019,Mercedes-AMG GLC Coupe,SUV
WMlA28JnT7,Mercedes-Benz,2019,Sprinter 2500 Cargo,Van/Minivan
UIuzLQZAo0,MINI,2019,Convertible,Convertible
fETuv1YiL2,Mercedes-Benz,2019,S-Class,"Coupe, Sedan, Convertible"
xdna1kUoOH,Mercedes-Benz,2019,Metris Cargo,Van/Minivan
Z2WS2PBACl,Mercedes-Benz,2019,SLC,Convertible
Xnl6GS9H04,Mitsubishi,2019,Eclipse Cross,SUV
avkiQ2tyxd,Mercedes-Benz,2019,Mercedes-AMG SLC,Convertible
B36p3LxUmk,Mercedes-Benz,2019,Mercedes-AMG GLC,SUV
9lfqMGUHCi,Nissan,2019,370Z,"Coupe, Convertible"
c3tuoyWXUa,Mercedes-Benz,2019,Mercedes-AMG SL,Convertible
nK8jPgAsv5,MINI,2019,Hardtop 2 Door,Hatchback
d5td8uBpK1,MINI,2019,Countryman,SUV
EXCkgDW1Sn,Mitsubishi,2019,Mirage,Hatchback
hLC6DwKWEA,MINI,2019,Hardtop 4 Door,Hatchback
82pK6JIygG,MINI,2019,Clubman,Hatchback
flu3j3f93s,Mercedes-Benz,2019,Mercedes-AMG GLS,SUV
8qjhGZSjOm,Mitsubishi,2019,Outlander,SUV
RH5RBAZwBc,Nissan,2019,Pathfinder,SUV
AHRbykKQte,Nissan,2019,TITAN XD Crew Cab,Pickup
LOeIyGRbMG,Nissan,2019,GT-R,Coupe
0O5UhL3HF2,Nissan,2019,NV1500 Cargo,Van/Minivan
KQBVN7UaAh,Nissan,2019,Maxima,Sedan
dFA3uIE85u,Nissan,2019,NV2500 HD Cargo,Van/Minivan
UPr7aou0Sx,Nissan,2019,Altima,Sedan
bhS9PiGJHV,Nissan,2019,Titan Crew Cab,Pickup
TlAKQyIkbO,Porsche,2019,718 Boxster,Convertible
6os4YeVsHU,Nissan,2019,Versa,Sedan
tYzrJsVWcA,Nissan,2019,Frontier King Cab,Pickup
MMDhdhxQqZ,Nissan,2019,Frontier Crew Cab,Pickup
JLdts6ljP9,Nissan,2019,Armada,SUV
e8NIBDsCYN,Nissan,2019,NV3500 HD Cargo,Van/Minivan
E6QH3Vm5Tq,Nissan,2019,NV200,Van/Minivan
UcFVu1TgBu,Nissan,2019,Rogue Sport,SUV
rLD7sHPgDk,Mitsubishi,2019,Outlander Sport,SUV
xNA8b5Aj3n,Nissan,2019,Kicks,SUV
Ta2eFu22AZ,Nissan,2019,LEAF,Hatchback
YOMmYTtV0M,Nissan,2019,Sentra,Sedan
FgGnAG2URD,Nissan,2019,Murano,SUV
Jn76hGHTNk,Nissan,2019,TITAN Single Cab,Pickup
4JjrP8HEHg,Nissan,2019,NV200 Taxi,Van/Minivan
Ji1dBq4lWF,Nissan,2019,NV3500 HD Passenger,Van/Minivan
jyIWyqezHL,Nissan,2019,Titan King Cab,Pickup
Vp3y6GzYjq,Nissan,2019,Rogue,SUV
s66LLb7APg,Nissan,2019,TITAN XD Single Cab,Pickup
e4ZGG5Vcmv,Nissan,2019,Versa Note,Hatchback
FCpcDEzvNY,Ram,2019,2500 Mega Cab,Pickup
izW2ro6FoT,Nissan,2019,TITAN XD King Cab,Pickup
Lmd4Wcovu8,Porsche,2019,Cayenne,SUV
xS9WtTtwee,Ram,2019,1500 Crew Cab,Pickup
ZlZQON0xW4,Ram,2019,1500 Classic Quad Cab,Pickup
6MznRAz2MP,Porsche,2019,Macan,SUV
mKgHhKGm5k,Porsche,2019,911,"Coupe, Convertible"
VE72fFI6BS,Ram,2019,1500 Classic Crew Cab,Pickup
mIBXfoSmXO,Ram,2019,1500 Classic Regular Cab,Pickup
rswlcso7u1,Porsche,2019,Panamera,Sedan
Zpi8vhTFmk,Porsche,2019,718 Cayman,Coupe
vsPxyVeAiX,Ram,2019,1500 Quad Cab,Pickup
qmQ5ZL9lya,Ram,2019,2500 Regular Cab,Pickup
koEuRcrlNw,Ram,2019,3500 Crew Cab,Pickup
od1cEHjoWm,Ram,2019,3500 Mega Cab,Pickup
meJ2Htj5LI,Subaru,2019,Crosstrek,SUV
SNkP43cu3N,Ram,2019,2500 Crew Cab,Pickup
Pzcj4IUUQX,Ram,2019,ProMaster Cargo Van,Van/Minivan
DLHvHp511g,Ram,2019,ProMaster City,Van/Minivan
O3kJTM0xvB,Ram,2019,ProMaster Window Van,Van/Minivan
chqvhgYgXB,Subaru,2019,WRX,Sedan
SvxW9ktwmb,Subaru,2019,BRZ,Coupe
NXl6FesVCQ,Subaru,2019,Impreza,"Sedan, Wagon"
FDAAV1X9xE,Toyota,2019,4Runner,SUV
CIYdgrkMj8,Tesla,2019,Model X,SUV
HbMuki1brk,Subaru,2019,Legacy,Sedan
gn4l1GGhWX,Toyota,2019,Corolla Hatchback,Hatchback
ZVPgK8THg2,Tesla,2019,Model 3,Sedan
Dui3Bb1al2,Subaru,2019,Forester,SUV
X85VY4sz9b,Toyota,2019,86,Coupe
XsgSevyfG2,Ram,2019,3500 Regular Cab,Pickup
LbuPvBEoE2,Toyota,2019,Land Cruiser,SUV
AdilSnzaEm,Tesla,2019,Model S,Sedan
k4In1FbszX,Subaru,2019,Ascent,SUV
oVRNcu0Lzc,Toyota,2019,Highlander Hybrid,SUV
W0ps7ij4vs,Toyota,2019,Camry Hybrid,Sedan
kUCSLkzV2t,Toyota,2019,Highlander,SUV
wf5Rj6USih,Subaru,2019,Outback,SUV
GGLd0Zn0Nm,Toyota,2019,Camry,Sedan
co2HJz8Sn8,Toyota,2019,C-HR,SUV
RMXKjymspD,Toyota,2019,Avalon,Sedan
fJLcpojiYK,Toyota,2019,Corolla,Sedan
xEVRohlzvV,Toyota,2019,Avalon Hybrid,Sedan
xmW8e7v1lr,Toyota,2019,Mirai,Sedan
dlx7ppvsVs,Toyota,2019,RAV4,SUV
xc7eYLH12b,Toyota,2019,Prius,Hatchback
peZKc66VvO,Toyota,2019,Yaris,Sedan
ltIIaE5lg1,Toyota,2019,Tundra CrewMax,Pickup
u7mLdbNjkQ,Volkswagen,2019,Atlas,SUV
OPXs3pkN3x,Toyota,2019,RAV4 Hybrid,SUV
Hi1yuex1ks,Toyota,2019,Sequoia,SUV
ExNrnZNQDs,Toyota,2019,Prius c,Hatchback
YBKmhGSCV6,Toyota,2019,Tundra Double Cab,Pickup
sN7vn88WKl,Toyota,2019,Tacoma Access Cab,Pickup
x9ekz5gQsH,Toyota,2019,Prius Prime,Hatchback
9WjoZVwfFq,Toyota,2019,Tacoma Double Cab,Pickup
m7AwpjhiaF,Toyota,2019,Sienna,Van/Minivan
5kvP2xK8Zc,Volkswagen,2019,Golf SportWagen,Wagon
Db6o9U8okD,Volkswagen,2019,Arteon,Sedan
avOzuU86Jj,Volkswagen,2019,Jetta,Sedan
034oz07gym,Volkswagen,2019,Passat,Sedan
ke58pHKolD,Volkswagen,2019,e-Golf,Hatchback
YQn0OjR3Vp,Volkswagen,2019,Golf,Hatchback
6ChyG6YM2k,Volkswagen,2019,Golf GTI,Hatchback
CYrYkmY6sr,Volkswagen,2019,Jetta GLI,Sedan
FvhWSFBPSW,Volkswagen,2019,Beetle,"Convertible, Coupe, Hatchback"
8FK5i4ePZE,Volkswagen,2019,Golf Alltrack,Wagon
oj5i9vdux2,Volvo,2019,S60,Sedan
zklkaxQKUZ,Volkswagen,2019,Golf R,Hatchback
sNvgoWPkFR,Volvo,2019,V60,Wagon
sm6PndVB2o,Volvo,2019,V90,Wagon
HCcRgrdeZe,Volvo,2019,S90,Sedan
TPPFTAECEX,Volvo,2019,XC90,SUV2020
FXcHFwaHzo,Volkswagen,2019,Tiguan,SUV
hqczihz66a,Volvo,2019,XC60,SUV
Kb9b2493oy,Volvo,2019,XC40,SUV
viau0hB7Ia,Acura,2018,ILX,Sedan
GKX8PHDvBx,Alfa Romeo,2018,4C Spider,Convertible
JJoNEtHXQ4,Acura,2018,RLX,Sedan
3Fep0ntHSg,Acura,2018,TLX,Sedan
rwdOGxYYPw,Aston Martin,2018,Vanquish S,"Convertible, Coupe"
shtDFvCuiL,Acura,2018,MDX,SUV
wgASSTTaW3,Audi,2018,Q3,SUV
nOwbBojNYK,Audi,2018,A3,"Sedan, Convertible"
8D84lJZhZV,Acura,2018,RLX Sport Hybrid,Sedan
eSrBpgc1NL,Alfa Romeo,2018,Giulia,Sedan
s7EVRxkGTP,Alfa Romeo,2018,4C,Coupe
Y2HL8TewJ9,Aston Martin,2018,DB11,Coupe
6Uiz6dMgqS,Acura,2018,RDX,SUV
5w6TZeReGG,Acura,2018,MDX Sport Hybrid,SUV
441nZueeVx,Audi,2018,A7,Sedan
jiBex5KVlh,Audi,2018,A4 allroad,Wagon
w9BmUI3wPC,Audi,2018,A4,Sedan
ne1W06dL3N,Acura,2018,NSX,Coupe
DGqqE0kSiF,Alfa Romeo,2018,Stelvio,SUV
w7Qncq7J7n,Audi,2018,Q5,SUV
yxjMgpPVad,Audi,2018,A3 Sportback e-tron,Wagon
fmwuVnxBPP,Audi,2018,A5,"Coupe, Convertible, Sedan"
66ku02fxQg,Audi,2018,A6,Sedan
8FqD6NCKpe,Audi,2018,R8,"Coupe, Convertible"
q9XVay5Bi9,Audi,2018,A8,Sedan
TKGuD9jstt,Audi,2018,Q7,SUV
vx4w74rTdN,Audi,2018,RS 3,Sedan
cnpdvzbdDU,Audi,2018,S4,Sedan
WiLT2nSA4G,Audi,2018,SQ5,SUV
tRbg6DYlay,Audi,2018,S3,Sedan
z61GF2cEzY,Audi,2018,S7,Sedan
9z1mZy20m0,Audi,2018,S6,Sedan
0sEUfGvYoW,Audi,2018,S8,Sedan
KKkMJW7Zvl,Audi,2018,RS 7,Sedan
HKAzghyQuH,Audi,2018,RS 5,Coupe
LK74snt95U,Audi,2018,TT,"Coupe, Convertible"
zHcKYFiwyp,Audi,2018,S5,"Sedan, Coupe, Convertible"
GES6H2ShQl,Bentley,2018,Bentayga,SUV
mM4B5heV67,BMW,2018,4 Series,"Coupe, Sedan, Convertible"
5AFW5iBv2Q,BMW,2018,M5,Sedan
NugsOI2rZM,BMW,2018,2 Series,"Coupe, Convertible"
csCuxWTFKK,BMW,2018,M4,"Convertible, Coupe"
IoJn5ML0JF,BMW,2018,X3,SUV
SLYFpQdCVH,BMW,2018,7 Series,Sedan
r8pTsPLrBZ,BMW,2018,6 Series,"Sedan, Convertible"
ey8tV6HOnP,Bentley,2018,Flying Spur,Sedan
WHCTL8PKc2,BMW,2018,M3,Sedan
MDE6nmecu4,Bentley,2018,Continental,Convertible
qcTVsCBh0q,BMW,2018,M6,"Coupe, Convertible"
qVcvN1zRhy,Buick,2018,Cascada,Convertible
ewjhKFvF7e,BMW,2018,3 Series,"Sedan, Wagon"
564HCAqc8b,Bentley,2018,Mulsanne,Sedan
RCFP67b3zX,BMW,2018,X2,SUV
7lhDxlD64f,BMW,2018,X5 M,SUV
bhTOHFX3Aq,BMW,2018,X6,SUV
M7NOSafNKM,BMW,2018,i3,Hatchback
5BnExW6a0m,BMW,2018,M2,Coupe
9b5ac931VQ,BMW,2018,X4,SUV
STFJGPIMfc,BMW,2018,X5,SUV
kILs3F7glw,BMW,2018,X1,SUV
FHsxAkFm1p,Buick,2018,Enclave,SUV
JBoU1QdhWb,Buick,2018,Envision,SUV
2g32TNSk3M,BMW,2018,5 Series,Sedan
Dfp5ZdLTfi,Buick,2018,LaCrosse,Sedan
H1c0ZiRjTo,Buick,2018,Encore,SUV
5vfTHvvdBq,BMW,2018,X6 M,SUV
LiLyrjJE4S,Buick,2018,Regal Sportback,Sedan
Aq6KnFE3gG,Buick,2018,Regal TourX,Wagon
oCD9gkzyMP,Cadillac,2018,CT6,Sedan
JiI89jzbbZ,Cadillac,2018,CTS,Sedan
wnzE70fl3g,Cadillac,2018,ATS-V,"Coupe, Sedan"
2bHTkACtqd,Chevrolet,2018,Colorado Crew Cab,Pickup
PTMJejSnli,Chevrolet,2018,Bolt EV,Hatchback
JMZlDGP5sW,Chevrolet,2018,Camaro,"Coupe, Convertible"
tHS3yRT9KM,Chevrolet,2018,Express 2500 Passenger,Van/Minivan
c5WrM30eA5,Cadillac,2018,ATS,"Coupe, Sedan"
dKsI1UGvkl,Chevrolet,2018,Colorado Extended Cab,Pickup
dQauHB7BZA,Cadillac,2018,CTS-V,Sedan
4iB6GjV4PM,Cadillac,2018,Escalade ESV,SUV
VG2MA3kJoR,Cadillac,2018,XT5,SUV
GmpgWc6mQm,Cadillac,2018,XTS,Sedan
VkYSUG36ct,Cadillac,2018,Escalade,SUV
0WOdFvimkc,Chevrolet,2018,City Express,Van/Minivan
Aa5Ug2XCV8,Chevrolet,2018,Cruze,"Sedan, Hatchback"
9HAKZl6VSz,Chevrolet,2018,Spark,Hatchback
VWhNAWo595,Chevrolet,2018,Silverado 1500 Crew Cab,Pickup
Rk9Thdn5wS,Chevrolet,2018,Express 3500 Passenger,Van/Minivan
pSFjiTA212,Chevrolet,2018,Equinox,SUV
d2CoI8LQfv,Chevrolet,2018,Silverado 1500 Regular Cab,Pickup
POZN1XSxHy,Chevrolet,2018,Express 2500 Cargo,Van/Minivan
VFXY0b17Qc,Chevrolet,2018,Silverado 2500 HD Regular Cab,Pickup
IQVkYJPWFB,Chevrolet,2018,Silverado 3500 HD Double Cab,Pickup
UlFmsOgek7,Chevrolet,2018,Corvette,"Coupe, Convertible"
DAEHdqzkuq,Chevrolet,2018,Impala,Sedan
T8LPOJC5Oz,Chevrolet,2018,Express 3500 Cargo,Van/Minivan
HBhdbUbfFI,Chevrolet,2018,Malibu,Sedan
dscD6Lym03,Chevrolet,2018,Silverado 2500 HD Crew Cab,Pickup
ciNhUeuz42,Chevrolet,2018,Silverado 2500 HD Double Cab,Pickup
CCuwpwKxsR,Chevrolet,2018,Sonic,"Sedan, Hatchback"
Dx7Qbl91QX,Chrysler,2018,300,Sedan
vNbwhfeLcT,Chevrolet,2018,Traverse,SUV
6HhtUcNAjp,Dodge,2018,Grand Caravan Passenger,Van/Minivan
HZK0iPO4QD,Chrysler,2018,Pacifica,Van/Minivan
uijnKgJQQp,Chevrolet,2018,Silverado 1500 Double Cab,Pickup
nRyZhGcLr6,Chevrolet,2018,Silverado 3500 HD Regular Cab,Pickup
AWtp1E4Fo0,Dodge,2018,Journey,SUV
JBRQ26Fty0,Chevrolet,2018,Trax,SUV
24BQh3HE8D,Chevrolet,2018,Suburban,SUV
ba3Lu6UyC1,Chevrolet,2018,Silverado 3500 HD Crew Cab,Pickup
Av4qV2MDZI,Ferrari,2018,GTC4Lusso,Hatchback
b666pls3W2,Ferrari,2018,488 GTB,Coupe
cN9lyunFxJ,Chrysler,2018,Pacifica Hybrid,Van/Minivan
jC5guSNtRx,Chevrolet,2018,Suburban 3500HD,SUV
F2NcrHnQfJ,Dodge,2018,Durango,SUV
HxQ90VuHAk,Dodge,2018,Challenger,Coupe
yJOFJ8DYq3,Chevrolet,2018,Volt,Sedan
DJdO3unaAb,FIAT,2018,124 Spider,Convertible
RJX5JHYazW,Chevrolet,2018,Tahoe,SUV
82TPVo6AN4,Dodge,2018,Charger,Sedan
Fjn4JM5vjG,Ferrari,2018,812 Superfast,Coupe
y5egbhDKTu,Ferrari,2018,Portofino,Convertible
2pLxFm6sw9,FIAT,2018,500e,Hatchback
WZDaa3cuBD,FIAT,2018,500 Abarth,Hatchback
UFV0L1GlaY,Ferrari,2018,488 Spider,Convertible
hfjbFWGnGs,FIAT,2018,500c,Convertible
KaM1tiAz4H,FIAT,2018,500,Hatchback
yuOq3xGffK,Ford,2018,F150 Regular Cab,Pickup
JwRGXvkfPa,Ford,2018,Edge,SUV
Pw9EDCDQal,FIAT,2018,500c Abarth,Convertible
POoN03bSpA,Ford,2018,Escape,SUV
f1z5JBwxxE,Ford,2018,C-MAX Hybrid,Wagon
URAFvzOIqj,Ford,2018,Expedition MAX,SUV
u1GUIKMkGN,Ford,2018,F150 SuperCrew Cab,Pickup
NOKLUeMhCH,Ford,2018,F350 Super Duty Super Cab,Pickup
TnnuMv2Uww,Ford,2018,F250 Super Duty Super Cab,Pickup
7hnKvkUXLN,FIAT,2018,500L,Hatchback
4A5EUnGbL4,FIAT,2018,500X,SUV
N2DRCB4w9n,Ford,2018,Expedition,SUV
ZVx0ht7hCa,Ford,2018,F350 Super Duty Regular Cab,Pickup
r22g5EB55R,Ford,2018,F250 Super Duty Crew Cab,Pickup
2Fw9wsF3h7,Ford,2018,EcoSport,SUV
0LNJ7IheBu,Ford,2018,F150 Super Cab,Pickup
zq27O3vdPR,Ford,2018,Explorer,SUV
yusRr6gaUV,Ford,2018,Fiesta,"Hatchback, Sedan"
HRFhzrNDJF,Ford,2018,F250 Super Duty Regular Cab,Pickup
nrFxLqKK7L,Ford,2018,F350 Super Duty Crew Cab,Pickup
nxC1KJrZcE,Ford,2018,Transit 350 Wagon,Van/Minivan
Hmw7uNlB36,Ford,2018,Fusion,Sedan
RxDCDafVpX,Ford,2018,Transit 150 Wagon,Van/Minivan
jkqFmiaCvK,Ford,2018,F450 Super Duty Crew Cab,Pickup
cd1gAHGlPt,Ford,2018,Transit 150 Van,Van/Minivan
fhFPkwhFBs,Ford,2018,Focus,"Sedan, Hatchback"
lzD3jJMq7L,Ford,2018,Transit Connect Cargo,Van/Minivan
8u25fVgAcG,Ford,2018,Transit 350 HD Van,Van/Minivan
TWUdPiMBop,Ford,2018,Fusion Energi,Sedan
rrGcG3fhKP,Ford,2018,Flex,SUV
QcC95oEiO9,Ford,2018,Mustang,"Convertible, Coupe"
X5KwgjdJdL,Freightliner,2018,Sprinter 2500 Cargo,Van/Minivan
bcyzzOTY25,Freightliner,2018,Sprinter 2500 Crew,Van/Minivan
TpTfs7FhZM,Ford,2018,Transit 250 Van,Van/Minivan
SWmRwNJ6bs,Freightliner,2018,Sprinter 3500 Cargo,Van/Minivan
V2y0j1qYEg,Ford,2018,Transit Connect Passenger,Van/Minivan
mPnGySGvim,Ford,2018,Transit 350 Van,Van/Minivan
byVFgA6w0s,Freightliner,2018,Sprinter WORKER Cargo,Van/Minivan
prirULRvja,Ford,2018,Taurus,Sedan
KNvWDJlF4g,Freightliner,2018,Sprinter 3500XD Cargo,Van/Minivan
tHFcBu0jsM,Freightliner,2018,Sprinter 2500 Passenger,Van/Minivan
g6wM0sUJWQ,GMC,2018,Acadia,SUV
GMo1UeoVxV,Genesis,2018,G80,Sedan
KHc3CODz22,GMC,2018,Sierra 1500 Crew Cab,Pickup
mgAoFYL6Id,GMC,2018,Canyon Extended Cab,Pickup
mHSpgef4EU,Genesis,2018,G90,Sedan
44TJgUJVbi,GMC,2018,Savana 2500 Passenger,Van/Minivan
syJN6LG1nk,GMC,2018,Savana 3500 Passenger,Van/Minivan
iz4GtVtW8V,GMC,2018,Canyon Crew Cab,Pickup
DJe6LpHBAa,GMC,2018,Savana 3500 Cargo,Van/Minivan
ZF0GPDg7q5,GMC,2018,Sierra 3500 HD Crew Cab,Pickup
NziqnF5SBr,GMC,2018,Sierra 2500 HD Crew Cab,Pickup
Ce12LoKBaF,GMC,2018,Savana 2500 Cargo,Van/Minivan
7Ankvqkv6U,GMC,2018,Sierra 2500 HD Double Cab,Pickup
4I08Y9dPG9,GMC,2018,Sierra 3500 HD Double Cab,Pickup
pNWpjRuCAs,Honda,2018,Accord,Sedan
rMYRXXYnLJ,GMC,2018,Terrain,SUV
4HDyTAIFBY,GMC,2018,Sierra 2500 HD Regular Cab,Pickup
2sQKnDDYce,GMC,2018,Yukon,SUV
j0p21FlO2s,GMC,2018,Sierra 1500 Regular Cab,Pickup
mD2MZMNHOC,GMC,2018,Sierra 1500 Double Cab,Pickup
4xPv6HLmlu,Honda,2018,Accord Hybrid,Sedan
9u8e6hDe2M,GMC,2018,Sierra 3500 HD Regular Cab,Pickup
eqpFeJkV0D,Honda,2018,Civic Type R,Hatchback
01GwQ6QBez,Hyundai,2018,Santa Fe Sport,SUV
cVnGm4zBkm,Hyundai,2018,Ioniq Hybrid,Hatchback
HEvRl2s5DK,Honda,2018,HR-V,SUV
bz1UviDA0k,Honda,2018,Fit,Hatchback
ObuWr7fUpl,Honda,2018,Civic,"Coupe, Hatchback, Sedan"
eOu6B2kFwT,GMC,2018,Yukon XL,SUV
pgdfgiKfHe,Hyundai,2018,Ioniq Plug-in Hybrid,Hatchback
U36RN6d0hy,Hyundai,2018,Ioniq Electric,Hatchback
wmyoHHiqbF,Honda,2018,Clarity Plug-in Hybrid,Sedan
EMsemD6OcE,Hyundai,2018,Elantra GT,Hatchback
ARRZafogEO,Hyundai,2018,Accent,Sedan
zIQYz8XCrR,Honda,2018,Clarity Fuel Cell,Sedan
kNdOvLJXP0,Honda,2018,Pilot,SUV
v842CRX8Fb,Honda,2018,Odyssey,Van/Minivan
j70pie4Kgy,Hyundai,2018,Sonata Hybrid,Sedan
nZ89PWUp2Z,Honda,2018,CR-V,SUV
UG8AYLQGM0,Honda,2018,Clarity Electric,Sedan
5zk3Cil3XK,Honda,2018,Ridgeline,Pickup
GsIgLBHdwz,INFINITI,2018,Q50,Sedan
QrycbjekQr,Hyundai,2018,Elantra,Sedan
mOMrWLck3g,Jeep,2018,Renegade,SUV
sgHr1E5RuF,INFINITI,2018,QX60,SUV
ssP2PEk3g0,Hyundai,2018,Santa Fe,SUV
CUyaNnH5fe,Hyundai,2018,Sonata Plug-in Hybrid,Sedan
u2rkoXCc5t,Jaguar,2018,F-PACE,SUV
8IYnsmyz0p,Hyundai,2018,Sonata,Sedan
V0RvN5c0pA,Jaguar,2018,XF,"Sedan, Wagon"
MLlUHlEt8G,Jaguar,2018,XJ,Sedan
kCzBlYEWLx,INFINITI,2018,QX80,SUV
o9o7dYXTrF,Hyundai,2018,Tucson,SUV
cc6YkZYa9b,INFINITI,2018,Q60,Coupe
iwPlRJLaeM,Jaguar,2018,E-PACE,SUV
kpQWwpRPqK,INFINITI,2018,Q70,Sedan
tSz4eSOjAr,Hyundai,2018,Kona,SUV
bxmj5uRvZZ,Jaguar,2018,XE,Sedan
gFKkv8mUuG,Jeep,2018,Wrangler Unlimited,SUV
mFwiR5HAQP,Jeep,2018,Cherokee,SUV
VhNo0fmgw5,Jaguar,2018,F-TYPE,"Convertible, Coupe"
91YQzL1DJT,Kia,2018,Sorento,SUV
5a3RBBhlao,Kia,2018,Forte5,Hatchback
sQFsviHVSh,Kia,2018,Optima Hybrid,Sedan
IHiL65lDrQ,Kia,2018,Forte,Sedan
7pUwvQCBFo,Kia,2018,Cadenza,Sedan
aSvuYTBVa6,Jeep,2018,Wrangler,SUV
9R1pZTW02Y,Kia,2018,Soul EV,Wagon
6GwU4IUwBs,Jeep,2018,Grand Cherokee,SUV
txwfyKQSp9,Kia,2018,Niro Plug-in Hybrid,Wagon
yCOUW8AiiP,Lexus,2018,LX,SUV
gvgmGxsj0e,INFINITI,2018,QX30,SUV
kD2qyNpxf0,Kia,2018,Optima Plug-in Hybrid,Sedan
L7TWxCvHEG,Kia,2018,Soul,Wagon
OVAcu6hi9v,Land Rover,2018,Discovery,SUV
F6EKToMu6r,Kia,2018,Stinger,Sedan
JA8OR6EIYv,Kia,2018,Sedona,Van/Minivan
TD5F16yzDp,Lexus,2018,GS,Sedan
LTQwRg5t87,Jeep,2018,Compass,SUV
pBzUQ3LfMm,Land Rover,2018,Range Rover Velar,SUV
fXSIzKY7v7,Land Rover,2018,Range Rover,SUV
lHsPHcslEx,Kia,2018,Sportage,SUV
N1ShBZcDxF,Kia,2018,Niro,Wagon
mrq9ODcY4K,Kia,2018,Optima,Sedan
MLZdOGrBjJ,Lamborghini,2018,Huracan,Coupe
rJCnYjFOwT,Kia,2018,Rio,"Sedan, Hatchback"
ErhwnyOIDC,Land Rover,2018,Discovery Sport,SUV
kV80KmMsOj,Lexus,2018,LC,Coupe
9cJnPmJAvK,Lexus,2018,IS,Sedan
VNMhuiei55,Lincoln,2018,MKC,SUV
JwAgsIY14J,Lexus,2018,RC,Coupe
d6rGvhCEgB,Land Rover,2018,Range Rover Evoque,SUV
EjflK2oezr,Lincoln,2018,Continental,Sedan
GhnFU0opPj,Lexus,2018,RX,SUV
AVA8HfQb25,Lexus,2018,LS,Sedan
GHTBaBwBEH,Land Rover,2018,Range Rover Sport,SUV
X9qMYm3I2m,Lexus,2018,ES,Sedan
iAKn3WmE5Y,Lexus,2018,NX,SUV
9UgnNJzaIc,Lamborghini,2018,Aventador,"Convertible, Coupe"
SwGavGCXOk,Lexus,2018,GX,SUV
Q0snpBL9Tj,Lincoln,2018,MKT,SUV
AHfjxgM8xK,Lincoln,2018,Navigator L,SUV
PItC6QhNna,Maserati,2018,Quattroporte,Sedan
KGLQ7JN4xT,Maserati,2018,Levante,SUV
Qqvf5GEzCw,Mercedes-Benz,2018,GLS,SUV
NK2GVV8Ssk,MAZDA,2018,MX-5 Miata RF,Convertible
O4RpSwsklJ,Mercedes-Benz,2018,GLC Coupe,SUV
nE6KNif6WJ,Lincoln,2018,MKX,SUV
SuukHkkr3E,Mercedes-Benz,2018,Mercedes-AMG G-Class,SUV
HPU8FJ4tKi,MAZDA,2018,CX-5,SUV
BvVePY8v2w,Lotus,2018,Evora 400,Coupe
yUM5JvdmkF,McLaren,2018,570GT,Coupe
vxnLUUrtOf,Lincoln,2018,Navigator,SUV
tppEtXaTjn,Mercedes-Benz,2018,GLE,SUV
huciYfZqei,Lincoln,2018,MKZ,Sedan
6wiCpEUxVn,Maserati,2018,GranTurismo,"Coupe, Convertible"
Ty4kcJAYGW,McLaren,2018,720S,Coupe
EIH8gRBq7I,Maserati,2018,Ghibli,Sedan
jPZN9FgFi8,MAZDA,2018,MAZDA6,Sedan
9Yg5Cg3B1V,McLaren,2018,570S,"Coupe, Convertible"
SSMZwlmIl5,Mercedes-Benz,2018,G-Class,SUV
GZCj51MKh9,MAZDA,2018,CX-9,SUV
7ZQRNEBW67,Mercedes-Benz,2018,CLA,Sedan
HIb0SLaSFm,Mercedes-Benz,2018,CLS,Sedan
NLCh3BqS9e,Mercedes-Benz,2018,E-Class,"Sedan, Coupe, Convertible, Wagon"
hPDJFescoO,MAZDA,2018,MAZDA3,"Sedan, Hatchback"
YRgjSlaYvX,MAZDA,2018,MX-5 Miata,Convertible
swsWeiRft1,MAZDA,2018,CX-3,SUV
LF0Im0UF9d,Mercedes-Benz,2018,C-Class,"Convertible, Coupe, Sedan"
y4VQc62dH7,Mercedes-Benz,2018,Mercedes-AMG GLE,SUV
QjzMFagPfC,Mercedes-Benz,2018,Mercedes-AMG CLA,Sedan
IAUc63JG99,Mercedes-Benz,2018,Mercedes-AMG GLC Coupe,SUV
SlZTsGrenZ,Mercedes-Benz,2018,Mercedes-AMG SLC,Convertible
3EMyxl8CJn,Mercedes-Benz,2018,Mercedes-AMG SL,Convertible
uzUoh2pwTL,Mercedes-Benz,2018,Mercedes-AMG GLC,SUV
Dq6fq2sspY,Mercedes-Benz,2018,Mercedes-AMG E-Class,"Sedan, Wagon"
GDUK4bV8vh,Mercedes-Benz,2018,Mercedes-AMG GLE Coupe,SUV
mn9ib1RNtm,Mercedes-Benz,2018,Mercedes-AMG CLS,Sedan
BAnHbFWtEc,Mercedes-Benz,2018,Sprinter 2500 Crew,Van/Minivan
Ex8EzRDcX9,Mercedes-Benz,2018,GLA,SUV
Riqo0gMZox,Mercedes-Benz,2018,GLC,SUV
zTGxrw6DJr,Mercedes-Benz,2018,SLC,Convertible
koug6Sf2Rl,Mercedes-Benz,2018,Mercedes-AMG GT,"Coupe, Convertible"
t0vuwFGYv9,Mercedes-Benz,2018,Metris Passenger,Van/Minivan
I28IPbvQUm,Mercedes-Benz,2018,Mercedes-AMG GLA,SUV
3V5050nXrb,Mercedes-Benz,2018,Sprinter 2500 Cargo,Van/Minivan
kYeY0Gi99l,Mercedes-Benz,2018,Mercedes-AMG GLS,SUV
nCuk4ajs5s,Mercedes-Benz,2018,Mercedes-AMG C-Class,"Convertible, Sedan, Coupe"
yERgIqO11b,Mercedes-Benz,2018,Metris WORKER Cargo,Van/Minivan
AuSNYkd2G4,Mercedes-Benz,2018,Mercedes-AMG S-Class,"Coupe, Convertible, Sedan"
wBRLGeKd6A,Mercedes-Benz,2018,Metris Cargo,Van/Minivan
0dAtYD141Z,Mercedes-Benz,2018,Metris WORKER Passenger,Van/Minivan
F0yS4d1j16,Mercedes-Benz,2018,Mercedes-Maybach S-Class,Sedan
Sj02XSHP62,Nissan,2018,LEAF,Hatchback
G9zrlY3GCI,MINI,2018,Countryman,SUV
UfR8Wp6uSS,Nissan,2018,Armada,SUV
ZVh0Y8gAa3,Mercedes-Benz,2018,SL,Convertible
ar0IpXMbmy,Mitsubishi,2018,Outlander,SUV
oNJCkbiXjh,Nissan,2018,Altima,Sedan
LemocimRul,Mercedes-Benz,2018,Sprinter 3500 XD Cargo,Van/Minivan
ufOJFGgiR6,MINI,2018,Convertible,Convertible
xrMrs8FQS8,Nissan,2018,Frontier King Cab,Pickup
8eBhjKBH0B,MINI,2018,Hardtop 2 Door,Hatchback
UTTMHHUkFc,Mitsubishi,2018,Outlander PHEV,SUV
Y7iileUceB,MINI,2018,Hardtop 4 Door,Hatchback
GdvGc2M5At,MINI,2018,Clubman,Hatchback
8f2Vud5ZCH,Mercedes-Benz,2018,Sprinter 2500 Passenger,Van/Minivan
dHBZ9165gQ,Nissan,2018,Frontier Crew Cab,Pickup
cORBiFMbiQ,Mitsubishi,2018,Mirage,Hatchback
SAJirMn0s0,Mercedes-Benz,2018,Sprinter WORKER Cargo,Van/Minivan
5ItpAY7jB3,Mitsubishi,2018,Mirage G4,Sedan
f5z8PkebBn,Mitsubishi,2018,Eclipse Cross,SUV
TyV6ZfnRXP,Nissan,2018,Maxima,Sedan
ARU4SarENN,Nissan,2018,Murano,SUV
6BFENxUe8g,Mercedes-Benz,2018,Sprinter 3500 Cargo,Van/Minivan
ddgyQvibMG,Mercedes-Benz,2018,S-Class,"Sedan, Coupe, Convertible"
AmEbTiBuEp,Mitsubishi,2018,Outlander Sport,SUV
lkL7WAqI1e,Nissan,2018,TITAN XD Crew Cab,Pickup
Jqnl8OQac9,Nissan,2018,NV3500 HD Passenger,Van/Minivan
d62LXnqGUr,Nissan,2018,NV200,Van/Minivan
9XR9ZEuNEp,Nissan,2018,370Z,"Coupe, Convertible"
CWcSTww0pB,Nissan,2018,Titan Crew Cab,Pickup
Lny8N0cwjf,Nissan,2018,NV3500 HD Cargo,Van/Minivan
FTvTCUi8xm,Nissan,2018,GT-R,Coupe
y4HXKP37Eu,Nissan,2018,TITAN XD Single Cab,Pickup
ObaAAvOTcC,Nissan,2018,NV2500 HD Cargo,Van/Minivan
yKjSNJpKsf,Nissan,2018,Kicks,SUV
XPMJBJ1Mwt,Nissan,2018,TITAN XD King Cab,Pickup
FbWZOZyyeA,Nissan,2018,NV1500 Cargo,Van/Minivan
SyFgiJjDMh,Nissan,2018,TITAN Single Cab,Pickup
jf3H9uolva,Nissan,2018,Rogue Sport,SUV
BdAehTrB0h,Porsche,2018,718 Boxster,Convertible
UAZ6foKrCX,Nissan,2018,Rogue,SUV
9SOHGpuZrj,Nissan,2018,Sentra,Sedan
E7Ci3jwVdD,Porsche,2018,911,"Coupe, Convertible"
m2MvCyXsKG,Nissan,2018,Versa,Sedan
Vd4cnhNAk0,Nissan,2018,Versa Note,Hatchback